{
  "version": 1,
  "author": "Anonymous maker",
  "editor": "wokwi",
  "parts": [
    { "type": "board-esp32-devkit-c-v4", "id": "esp", "top": 0, "left": 0, "attrs": {} },
    {
      "type": "wokwi-led",
      "id": "led1",
      "top": -32.4,
      "left": -140.2,
      "attrs": { "color": "red" }
    },
    {
      "type": "wokwi-led",
      "id": "led2",
      "top": -3.6,
      "left": -169,
      "attrs": { "color": "yellow" }
    }
  ],
  "connections": [
    [ "esp:TX", "$serialMonitor:RX", "", [] ],
    [ "esp:RX", "$serialMonitor:TX", "", [] ],
    [ "led1:C", "esp:GND.1", "green", [ "v144", "h125.2" ] ],
    [ "led1:A", "esp:26", "green", [ "v0" ] ],
    [ "led2:A", "esp:33", "green", [ "v57.6", "h144" ] ],
    [ "led2:C", "esp:GND.1", "green", [ "v115.2", "h154" ] ]
  ],
  "dependencies": {}
}