{
  "version": 1,
  "author": "Anisa Amalia",
  "editor": "wokwi",
  "parts": [
    { "type": "board-esp32-devkit-c-v4", "id": "esp", "top": -9.6, "left": -23.96, "attrs": {} },
    {
      "type": "wokwi-pushbutton",
      "id": "btn1",
      "top": 73.4,
      "left": 172.8,
      "attrs": { "color": "green", "xray": "1" }
    },
    { "type": "wokwi-led", "id": "led1", "top": 121.2, "left": 119, "attrs": { "color": "red" } },
    { "type": "wokwi-relay-module", "id": "relay1", "top": -76.6, "left": 211.2, "attrs": {} }
  ],
  "connections": [
    [ "esp:TX", "$serialMonitor:RX", "", [] ],
    [ "esp:RX", "$serialMonitor:TX", "", [] ],
    [ "btn1:2.l", "esp:GND.2", "green", [ "h-9.6", "v-86.2" ] ],
    [ "led1:A", "esp:18", "green", [ "h9.6", "v-76.8" ] ],
    [ "relay1:VCC", "esp:3V3", "red", [ "h-230.4", "v76.8" ] ],
    [ "relay1:GND", "esp:GND.2", "black", [ "h-134.4", "v66.8" ] ],
    [ "relay1:IN", "esp:23", "green", [ "v-0.2", "h-105.6", "v67.2" ] ],
    [ "led1:C", "esp:GND.2", "green", [ "h-9.2", "v-153.6" ] ],
    [ "btn1:1.l", "esp:19", "green", [ "h0" ] ]
  ],
  "dependencies": {}
}